"","PERTYPE","freq"
"1",1,1227877.69578752
"2",2,182237.072629122
"3",3,89320.7517210275
"4",4,100166.119474676
"5",5,314125.395690496
"6",6,94813.5202278059
"7",7,395002.13049812
"8",8,158883.739908251
