"","HHVEH","freq"
"1",0,55514.9039259041
"2",1,341603.858112152
"3",2,489579.097655617
"4",3,167118.62795126
"5",4,91936.1582192151
