"","HHVEH","freq"
"1",0,77636.2296874362
"2",1,455542.470249116
"3",2,615369.82052318
"4",3,203352.963469616
"5",4,113536.289895637
