"purpose","avgDist"
"work",3.52842010431484
"univ",2.15849802371542
"sch",4.50743190661479
"esco",4.11766481334392
"imain",4.71556110684089
"idisc",3.51665866466617
"jmain",3.30239051094891
"jdisc",2.81079518072289
"atwork",3.08322784810127
"total",4.21114459991
