"","HHSIZE","JOINT","freq"
"1",2,0,412083.459356044
"2",2,1,107885.504983349
"3",3,0,149669.889898701
"4",3,1,64573.4499042399
"5",4,0,132654.577340504
"6",4,1,58466.4625534622
"7",5,0,83463.5471776137
"8",5,1,49295.9206809267
