"HHSIZE","freq"
1,407344.961930143
2,519968.964339393
3,214243.339802941
4,191121.039893967
5,132759.46785854
