"HHSIZE","freq"
1,314415.56291341
2,400891.555694063
3,173689.768265129
4,152782.586417983
5,103973.172573563
