"PERTYPE","tour0","tour1","tour2","tour3pl"
"1",1,922209.461583457,464170.930470099,123809.571337867,40043.9003107555
"2",2,105863.296733501,85994.5435441932,32495.0335429447,13093.2178655952
"3",3,56003.8769962696,54584.4931491058,12020.1354029099,4947.0368113588
"4",4,73693.2521947981,56476.476002852,21567.4707763532,15126.7677385671
"5",5,142110.608939954,232793.347420864,68701.8231917182,31426.3550704988
"6",6,81656.9133973662,28516.2776564137,5867.12530587005,2458.80249523726
"7",7,334221.546707306,164643.529621135,39845.3627020323,3217.06025605587
"8",8,137353.528039533,87226.6796530923,16639.33759011,2326.13667489715
