"comp","partysize","freq"
"All Adult",2,49.1827077207518
"All Children",2,50
"Mixed",2,27.8920418429117
"Total",2,36.5039167835471
"All Adult",3,0.817292279248238
"All Children",3,0
"Mixed",3,14.331041244684
"Total",3,8.86037049330355
"All Adult",4,0
"All Children",4,0
"Mixed",4,6.10265935056013
"Total",4,3.63771092260417
"All Adult",5,0
"All Children",5,0
"Mixed",5,1.66926810142048
"Total",5,0.99502765212262
