"NUMBER_HH","freq"
2,280316.644341288
3,64373.4791914508
4,18433.6499773212
5,4919.19282750197
