"jointTours","hhsize","freq"
"0","2",77.6680452684409
"1","2",17.7603559998333
"2","2",4.57159873172579
"0","3",67.2119866705881
"1","3",21.398927577922
"2","3",11.3890857514899
"0","4",69.1661089978823
"1","4",20.1835676377192
"2","4",10.6503233643986
"0","5",64.3466493921697
"1","5",16.8796775684607
"2","5",18.7736730393696
"0","Total",72.2549269407993
"1","Total",18.8557483308593
"2","Total",8.88932472834144
