"COMPOSITION","freq"
"All Adult",162175.596303763
"All Children",6266.31042813898
"Mixed",248607.273940594
