"COMPOSITION","freq"
"All Adult",137726.763021619
"All Children",5254.04462511987
"Mixed",225062.158690822
