"NUMBER_HH","freq"
2,304460.461506279
3,73899.8093137142
4,30340.2824658445
5,8348.62738665838
