"purpose","avgTripLength"
"esco",5.86898911007453
"imain",6.45973062363378
"idisc",6.26330690121531
"jmain",6.65780655419344
"jdisc",6.36407687994793
"atwork",5.86409263854309
"Total",6.18736059170802
