"","PERTYPE","freq"
"1",1,1550233.86370218
"2",2,237446.091686234
"3",3,127555.542359644
"4",4,166863.96671257
"5",5,475032.134623035
"6",6,118499.118854887
"7",7,541927.499286529
"8",8,243545.681957632
