"","work","univ","sch","esco","imain","idisc","jmain","jdisc","atwork"
"1",599230.892211224,15794.3649499217,236721.915725826,255689.94404919,288598.741195853,389976.366213779,76217.3875708396,146219.795907362,597957.909756657
"2",295192.306057307,6029.13916068275,40054.0459121819,86250.0007620344,173967.430302356,130219.348104876,42110.2409836984,44032.3022460514,24699.7638418563
"3",157518.44969877,3583.64596516938,20984.4537916136,51807.3987089468,95487.4091128682,66524.6568686295,17739.5655209997,14816.0785071377,6849.13336913893
"4",83706.695793137,2291.73284492915,11546.9247591086,32577.4725294991,115691.984824145,72781.3715822722,13296.4032645993,7437.61975954654,960.070855651264
"5",19001.4864724669,1043.65016210876,441.798458782844,8663.24527086726,18164.3717701359,12185.161184478,3965.63862704477,1153.26875813818,428.610953609111
"6",6851.20065492244,1097.90108542626,527.989703639715,1145.59812751763,3478.65660753821,1953.91436996366,450.779087049219,0,27.456196527188
"7",1200.75279415108,17.4805427315261,0,480.618227241945,1224.01540062429,3794.79405213257,554.274409631862,49.6116954625898,13.7813580067242
