"","work","univ","sch","esco","imain","idisc","jmain","jdisc","atwork"
"1",903128.925498192,21482.2010182171,240913.582392668,353204.822811476,511006.956981864,544241.273824008,135675.808869834,199905.118041783,589900.264610186
"2",173508.470966254,3981.89988114023,20808.4648092493,59358.2452460625,137595.413539095,97593.2130781828,28565.900381271,31848.0882143925,14571.8518072871
"3",38740.8929399886,4190.61350456748,3859.04738270264,17534.7207742404,50467.7105105433,33702.7513917268,5542.30192378748,5237.55519793835,2140.83867284007
"4",18962.0905901897,1036.9799193603,289.467692488751,18273.2213301503,68459.7699737088,45677.894346213,6848.61707582813,3425.79096766159,205.36174437394
