"","work","univ","sch","esco","imain","idisc","jmain","jdisc","atwork"
"1",710928.786689723,22737.8980385377,213053.036089414,324646.005271379,503117.737310482,540213.402941028,109122.773415864,191096.743425943,592084.193439533
"2",271246.181037281,3837.54105983687,33651.9810248091,71842.8734823677,149523.147777904,107440.814225348,44466.3600933075,37972.341794691,11425.8708867542
"3",99888.0821663413,1621.82465732598,10242.7757382503,29766.6704269782,63721.2517900885,39191.9418101591,12651.6429469621,7142.88270734458,2685.52082405461
"4",52277.3301012793,2494.43056758457,8922.76942463477,22115.4609812045,51167.7141267353,34368.9736635948,10391.8517945868,4204.5844937972,622.731684345304
