"name","value"
"total_population",2825988.72122634
"total_households",1145752.64586415
"total_tours",4301760.50506324
"total_trips",11256653.8157252
"total_stops",3499668.69467855
"total_vmt",56191657.0679865
