"PERTYPE","freq"
1,1829595.8921391
2,311712.775087937
3,137515.488792938
4,170304.109728557
5,605577.066000163
6,104157.012474923
7,459364.10601245
8,181460.59560997
