"name","value"
"total_population",3461103.89918271
"total_households",1465437.77382499
"total_tours",4406505.36268073
"total_trips",11657216.392902
"total_stops",3682868.06306936
"total_vmt",57622932.9548602
