"PERTYPE","freq"
1,1796794.48872054
2,305942.664331439
3,129348.186956985
4,162842.58928416
5,516558.553035216
6,118169.744110162
7,464279.197432618
8,176888.35486067
