"","PERTYPE","freq"
"1",1,1656567.52668721
"2",2,271693.048755387
"3",3,121392.747294578
"4",4,123676.098455601
"5",5,425288.50918002
"6",6,102329.421411443
"7",7,358432.266621161
"8",8,121187.939582536
