"","indi","joint"
"1",1142682.23992328,34718.5447568507
"2",29822.805667623,35.1090433464942
"3",276779.421649533,52746.2799267661
"4",357234.869157856,85908.7431604897
"5",294389.641397895,104175.071006286
"6",402222.967815625,50159.2184575773
"7",149294.960066319,65358.63675042
"8",125836.443495524,45351.6749621766
"9",402304.208814288,102998.365161102
