"purpose","avgDist"
"work",4.05437877226557
"univ",4.8381014451686
"sch",3.29233421219504
"esco",3.61353367677924
"imain",4.3076790592157
"idisc",3.55040380604186
"jmain",4.4698525915359
"jdisc",4.40053497942387
"atwork",3.04335507337263
"total",3.92572578914768
