"purpose","avgDist"
"work",4.18938817233583
"univ",5.0886567215505
"sch",3.33855823461051
"esco",3.67446283062687
"imain",4.39627069567656
"idisc",3.64275536932079
"jmain",4.51116989164762
"jdisc",4.43283833936516
"atwork",3.2267346639778
"total",4.01804371361367
