"jointTours","hhsize","freq"
"0","2",87.0623853417519
"1","2",11.2338634342889
"2","2",1.70375122395921
"0","3",85.6066808580318
"1","3",12.5615709044561
"2","3",1.83174823751211
"0","4",79.5218084764929
"1","4",16.9490353705688
"2","4",3.52915615293833
"0","5",75.3424948944861
"1","5",18.1529385069208
"2","5",6.50456659859315
"0","Total",83.6011999001727
"1","Total",13.6340186100926
"2","Total",2.76478148973466
