"jointTours","hhsize","freq"
"0","2",87.2063492063492
"1","2",11.0380952380952
"2","2",1.75555555555556
"0","3",85.5436598799431
"1","3",12.4327000433195
"2","3",2.02364007673742
"0","4",79.7828942819609
"1","4",16.856807024822
"2","4",3.36029869321718
"0","5",75.9314604502889
"1","5",17.8322374975095
"2","5",6.23630205220163
"0","Total",83.7777161862528
"1","Total",13.4617516629712
"2","Total",2.76053215077605
