"purpose","avgTourLength"
"esco",6.95718097535238
"imain",7.68317291281468
"idisc",8.36772256575911
"jmain",8.43723414401526
"jdisc",8.62294482229048
"atwork",5.90194389275074
"Total",7.73659614332028
