"purpose","avgTourLength"
"esco",7.03076908264654
"imain",7.7151785961992
"idisc",8.41956157472196
"jmain",8.53635108350951
"jdisc",8.60634354019977
"atwork",5.91862799217143
"Total",7.78541687137407
