"NUMBER_HH","freq"
2,405283.378609707
3,98038.5762351728
4,44805.822774186
5,9556.11497243441
