"COMPOSITION","freq"
"All Adult",212274.745204167
"All Children",7671.0474615514
"Mixed",337738.099925782
