"name","value"
"total_population",3702428.464765
"total_households",1527649.30987993
"total_tours",5064135.27998352
"total_trips",14874051.2849458
"total_stops",5327085.0661449
"total_vmt",73113860.5023526
