"","HHVEH","freq"
"1",0,88021.283284006
"2",1,483523.509290879
"3",2,631700.479398107
"4",3,207512.131185718
"5",4,116891.906721223
