"HHSIZE","freq"
1,434405.186198478
2,544772.631575073
3,221732.214480458
4,192283.872099395
5,134455.40552653
