"NUMBER_HH","freq"
2,304134.597571343
3,73792.908109645
4,33064.7578610516
5,7154.88219722877
