"COMPOSITION","freq"
"All Adult",155794.010141485
"All Children",7326.29602322423
"Mixed",255026.839574559
