"name","value"
"total_population",3702428.464765
"total_households",1527649.30987993
"total_tours",5064135.27998352
"total_trips",14809163.4442527
"total_stops",5310500.90395997
"total_vmt",73113860.5023526
