"PERTYPE","freq"
1,2375994.21102315
2,394153.211071023
3,175650.715179537
4,217385.222639972
5,688577.32682871
6,134368.857936247
7,597597.31413823
8,239053.067984799
